region,brand_name,entity_id,country_name,median_test_length_days,testing_capacity,avg_total_active_users,avg_flgp_per_user,avg_orders_per_user,CPiO - Growth at a Cost,Lose-Lose,MPOL - Profit at a Cost,Win-Win,Total_tests,percentage_growth,percentage_lose_lose,percentage_profit,percentage_win_win,flgp_per_user_incremental_CPiO - Growth at a Cost,flgp_per_user_incremental_Lose-Lose,flgp_per_user_incremental_MPOL - Profit at a Cost,flgp_per_user_incremental_Win-Win,flgpu_control_mean_CPiO - Growth at a Cost,flgpu_control_mean_Lose-Lose,flgpu_control_mean_MPOL - Profit at a Cost,flgpu_control_mean_Win-Win,flgpu_perc_change_CPiO - Growth at a Cost,flgpu_perc_change_Lose-Lose,flgpu_perc_change_MPOL - Profit at a Cost,flgpu_perc_change_Win-Win,orders_per_user_control_mean_CPiO - Growth at a Cost,orders_per_user_control_mean_Lose-Lose,orders_per_user_control_mean_MPOL - Profit at a Cost,orders_per_user_control_mean_Win-Win,orders_per_user_incremental_CPiO - Growth at a Cost,orders_per_user_incremental_Lose-Lose,orders_per_user_incremental_MPOL - Profit at a Cost,orders_per_user_incremental_Win-Win,orders_per_user_perc_change_CPiO - Growth at a Cost,orders_per_user_perc_change_Lose-Lose,orders_per_user_perc_change_MPOL - Profit at a Cost,orders_per_user_perc_change_Win-Win,orders_impact_growth,orders_impact_profit,orders_impact_win,baseline_orders,orders_impact_incremental,flgp_impact_growth,flgp_impact_profit,flgp_impact_win,baseline_flgp,flgp_impact_incremental,total_orders_2023,total_orders_2024,fully_loaded_gross_profit_eur_2023,fully_loaded_gross_profit_eur_2024,total_users_2023,total_users_2024,total_flgp,total_orders,total_users,total_flgp_target,total_orders_target,flgp_yoy_2024,orders_yoy_2024
Americas,PedidosYa,AP_PA,Panama,25.0,13.2,532358.8571428572,2.650674697925162,1.7469634307403579,20.0,9.0,10.0,14.0,53.0,0.37735849056603776,0.16981132075471697,0.18867924528301888,0.2641509433962264,-0.11943129910613656,-0.06104609905815132,0.07738483161237528,0.09497831702248849,1.456344623434523,1.9318096324978882,1.4554769010564033,1.7723458183352474,0.917992419387329,0.9683995265210388,1.05316802455347,1.0535890434247763,1.2004693837409877,1.416615541192017,1.274010195206536,1.2932471285335174,0.024719872395741,-0.010157336579686748,-0.01757717777777207,0.029585694377774894,1.0205918391010582,0.9928298565952907,0.986203267568889,1.0228770617193048,1029394.2401318398,898382.5574249651,1006330.4012358019,930011.4554593018,144072.83241470123,921419.7996162106,1605435.4067312435,1692820.246844638,1411110.1528449275,-13655.005342690507,9476602.0,10936386.988375386,14427168.448815785,16701745.677830502,5005686.0,6210151.786305498,16701745.677830502,10936386.988375386,6210151.786305498,16688090.672487812,11080459.820790088,0.15765929656151062,0.15404097253165072
Americas,PedidosYa,PY_AR,Argentina,30.0,11.0,5171652.285714285,1.6268931276276553,1.1887864243441106,21.0,8.0,14.0,14.0,57.0,0.3684210526315789,0.14035087719298245,0.24561403508771928,0.24561403508771928,-0.060278095564261856,-0.04189025833241922,0.0360500228641556,0.04301397100510028,1.2735933544894207,1.6641043782561016,1.5948623056648592,1.6266571699746903,0.9526708463484194,0.974827144931667,1.0226038465741576,1.0264431693408202,0.9805477784016322,1.3655870269942045,1.0505137075906759,1.0590650709903486,0.013275466636081262,-0.012011071654008026,-0.011493062046083243,0.022542749383735565,1.0135388268970649,0.9912044626841209,0.9890595791725153,1.0212855187100596,6492352.70026208,5967953.041491826,6507985.424656402,6147990.028685332,524321.0803543115,6912761.493284394,8937486.774455642,9028435.13438726,8413725.562108425,-362493.2841979796,70769964.0,71210476.15932551,103100854.91023734,87692582.50141257,55760958.0,61373881.973343685,87692582.50141257,71210476.15932551,61373881.973343685,87330089.21721458,71734797.23967983,-0.14944854164632942,0.006224563846401141
Americas,PedidosYa,PY_BO,Bolivia,27.0,12.22,660707.1428571428,0.6653805943152349,1.145837998003804,25.0,4.0,10.0,6.0,45.0,0.5555555555555556,0.08888888888888889,0.2222222222222222,0.13333333333333333,-0.05377143519096663,-0.018690241874072748,0.035828850847992075,0.03733848929802888,0.680302435610309,0.6234054482780265,0.647460306618948,0.5851029148402201,0.9209595139215877,0.9700191233077943,1.055337524913444,1.0638152508746692,1.0256262980265765,1.075690032683572,1.0410232828057058,0.9696026986092715,0.02317507053942459,-0.01099644876216034,-0.018394978684670705,0.019274673434671003,1.0225960182417475,0.9897773071906905,0.9823299065558903,1.0198789395515475,881073.7466221743,721284.6164596623,781737.2013174791,757063.3498382419,112905.51488458994,251369.23479768288,508861.6554768239,486242.7595319881,439621.7113826065,-72391.48434132451,7862289.0,8786967.153268674,5476222.7330009965,5456361.898294302,5697752.0,7570034.427586683,5456361.898294302,8786967.153268674,7570034.427586683,5383970.413952977,8899872.668153264,-0.00362673975749905,0.1176092806139121
Americas,PedidosYa,PY_CL,Chile,36.0,9.17,2209573.4285714286,0.9720052486008758,0.8967311053222555,12.0,10.0,9.0,6.0,37.0,0.32432432432432434,0.2702702702702703,0.24324324324324326,0.16216216216216217,-0.13339644848669077,-0.09268023547517032,0.07117747142257638,0.02941716083608174,1.132872059732734,1.8329370931050346,1.5328755809312722,1.160441751256595,0.8822493260905724,0.949436215883346,1.0464339521798198,1.025349967634504,0.7989786778544713,1.115182667148939,0.9993160319010173,0.8040819301348731,0.018387833134233044,-0.02127303299480754,-0.013478304180774756,0.005892234770698196,1.0230141725228645,0.98092417177789,0.9865124707795043,1.0073279034758433,2120114.10534231,1922278.1880262245,2003022.5292503936,1981393.222893543,101235.15393829881,1479662.7434122534,2376539.6645398545,2229175.123837289,2147716.969740461,-357773.3774319864,20436037.0,23532460.384561904,29468629.086489208,25547763.292997614,21464624.0,25783634.244356457,25547763.292997614,23532460.384561904,25783634.244356457,25189989.91556563,23633695.5385002,-0.13305219533572518,0.1515178008613854
Americas,PedidosYa,PY_CR,Costa Rica,27.0,12.22,252469.14285714287,0.5844514471041025,0.852060991243808,10.0,7.0,15.0,11.0,43.0,0.23255813953488372,0.16279069767441862,0.3488372093023256,0.2558139534883721,-0.07979592951610182,-0.04048595231086457,0.059158337185577475,0.0711814330537581,0.6507036266319937,0.930479835854505,0.6066021787680015,0.6935206123718111,0.8773697790357783,0.9564891674695085,1.0975241093029489,1.1026378045352114,0.7159672049282111,0.9482591396058737,0.8165454451289549,0.8757970262354111,0.025736228937376225,-0.02691100879406045,-0.011571085433167391,0.022128687967008055,1.0359461002685966,0.9716206175400055,0.9858292205263113,1.0252669137986545,237829.1353549371,202421.6108174455,232571.11508012685,215119.10812133172,27464.536888514296,101739.55250230785,219398.4029711163,200264.4653192036,147555.95589198952,78734.55311665918,2740540.0,2564225.287372554,2713825.8898353213,2003152.5947986953,2732065.0,2944198.752718842,2003152.5947986953,2564225.287372554,2944198.752718842,2081887.1479153545,2591689.8242610684,-0.26187136680303047,-0.06433575595592322
Americas,PedidosYa,PY_DO,Dominican Republic,30.0,11.0,691871.4285714285,2.3085285506968307,1.5936896039402533,10.0,5.0,6.0,19.0,40.0,0.25,0.125,0.15,0.475,-0.0676378845274405,-0.038958227287193094,0.046692082944130596,0.08488960329870053,2.118097885158264,2.0306022585968644,1.7158637816700546,1.7502496869660604,0.9680666861520488,0.9808144469837667,1.0272119986696642,1.0485014246429325,1.3613291990465224,1.5400677980335984,1.2291244471198686,1.170280283162242,0.014858728714813673,-0.0168815176618476,-0.008700476649835476,0.023102336686265098,1.0109148681488804,0.9890384581228162,0.9929214029789882,1.0197408578258191,1136041.619071583,1089779.603373558,1221204.6463656863,1102628.302977577,139140.95987809612,1460831.59417468,1669551.363145713,2045661.6406489662,1597204.9462685457,384429.75916372216,10367023.0,12492109.998633156,15838932.873847533,19188631.904590096,6327779.0,8099292.608312665,19188631.904590096,12492109.998633156,8099292.608312665,19573061.66375382,12631250.958511252,0.21148514596418433,0.20498526902401543
Americas,PedidosYa,PY_EC,Ecuador,24.0,13.75,789267.5714285715,1.1613785835106378,1.0842951566644106,17.0,12.0,11.0,13.0,53.0,0.32075471698113206,0.22641509433962265,0.20754716981132076,0.24528301886792453,-0.061590890234834814,-0.06297759487217236,0.04864185983709471,0.032661225929122364,1.0435237330978715,0.8352687291212818,0.6290996233800218,0.7960965549640946,0.9409779688939205,0.9246019961283287,1.0773198044146841,1.0410267143168275,0.8349203902617689,0.8462595272299244,0.9020438757464864,0.8498563080195106,0.02037750125403883,-0.008794460835077858,-0.021648306434372665,0.01302069504987982,1.0244065200607329,0.9896078442226052,0.9760008276576817,1.0153210547795108,951828.5380895839,798481.753967643,900829.6083883939,855799.0050122818,83742.8854087753,700928.1480532733,1133711.003806279,1049761.677954847,916638.4541165956,134485.46746461268,8121717.0,9967359.956714557,8875943.722618219,10851662.262334399,6738135.0,9361054.115684621,10851662.262334399,9967359.956714557,9361054.115684621,10986147.729799012,10051102.842123333,0.22259250412793116,0.22724787833835597
Americas,PedidosYa,PY_GT,Guatemala,28.0,11.79,555869.5714285715,0.7455825810867311,1.2675115765957725,24.0,8.0,10.0,7.0,49.0,0.4897959183673469,0.16326530612244897,0.20408163265306123,0.14285714285714285,-0.30176404472376883,-0.037009520915253814,0.07011991854079311,0.07863087508927323,1.0099037829350177,0.45945141947500207,0.6048377167015672,0.5839796217811127,0.7011952526340959,0.9194484566887546,1.1159317889816567,1.1346466077865054,1.3588229485458851,0.8175939253167187,0.9450955350162978,0.8623930014937267,0.06362131368028982,-0.024925172048516596,-0.031958438056982716,0.006840979321658122,1.0468209002124764,0.9695139955463085,0.9661849655691881,1.0079325543108641,917659.9444809378,648601.6196401627,714010.1994047979,704571.116863045,166558.41293676326,53362.46480872717,539623.2728976187,512707.43017866666,414446.66981328937,-137646.84155485558,4917573.0,7822330.633425797,4026628.1706338758,4849977.659845129,3984966.0,6245529.874313047,4849977.659845129,7822330.633425797,6245529.874313047,4712330.818290273,7988889.04636256,0.20447616574480987,0.5906892756702945
Americas,PedidosYa,PY_HN,Honduras,30.0,11.0,297650.4285714286,1.2686153879741382,1.7753388604919114,8.0,5.0,10.0,9.0,32.0,0.25,0.15625,0.3125,0.28125,-0.1225794825388565,-0.08095065042355828,0.06981083192026324,0.055934207048963326,0.3494082426904377,1.2884734544162444,0.2050005497669803,0.4888528119231002,0.6491797629185948,0.937173210556958,1.3405397302573858,1.1144193214904983,1.182244252988158,2.263529163490561,1.4185969499046782,1.5900518833173494,0.025455799452189537,-0.07634838434675317,-0.023787428678051014,0.050337383351255705,1.0215317599454168,0.9662702007209762,0.9832317215403223,1.0316576986445474,560312.6456365826,498588.62312577997,581920.4326355277,528430.372684929,55530.58334310312,115090.68180040397,1034094.9595432464,527950.4884415737,377603.9139228114,544324.3880167899,3545794.0,6006526.245820639,933314.428248155,7173643.366379529,2079477.0,3377767.7086592317,7173643.366379529,6006526.245820639,3377767.7086592317,7717967.754396319,6062056.829163742,6.686202151449178,0.6939862399847929
Americas,PedidosYa,PY_NI,Nicaragua,30.0,11.0,307393.4285714286,1.5829255999913237,1.4436635431381255,13.0,6.0,12.0,6.0,37.0,0.35135135135135137,0.16216216216216217,0.32432432432432434,0.16216216216216217,-0.07378479953181633,-0.05560067132549179,0.06223902666675505,0.030893480829142655,1.1201455147938484,0.770316018974631,0.7111455907463191,0.8365161390738168,0.934129272887018,0.9278209592479955,1.0875193876987097,1.0369311234847753,1.1949900592937386,1.3428497560097183,1.0013239329519479,1.3492218442295378,0.01951019362689205,-0.025523909810885165,-0.01587024913074586,0.015647456939356746,1.016326657678159,0.9809927285635218,0.9841507342344653,1.0115973937171852,472436.4399173543,419186.6391365753,452994.8091816853,443772.6862288049,13299.829549200309,373922.9019477752,656366.7460440035,519098.19153461425,486580.9273548187,89645.05746193696,3497095.0,5120855.451547253,3143680.696331533,5690600.980496024,2257813.0,3493714.2750335583,5690600.980496024,5120855.451547253,3493714.2750335583,5780246.037957961,5134155.281096453,0.8101714296673252,0.4643169406456653
Americas,PedidosYa,PY_PE,Peru,29.0,11.38,1531538.4285714286,0.28258356337647783,1.0509923288696252,29.0,17.0,30.0,21.0,97.0,0.29896907216494845,0.17525773195876287,0.30927835051546393,0.21649484536082475,-0.06078968100137059,-0.039059914717152394,0.0,0.03543304909881175,0.2353370677048336,0.22649054701715784,0.0,0.24390753730760042,0.7416910068854315,0.8275428478955751,0.0,1.145272464680441,0.9451348330242791,0.9682429251966181,1.026160806199741,0.8926637819590424,0.024425047520759254,-0.01217930719103005,-0.023812276002074435,0.017389964424623854,1.0258429238531004,0.9874212277992562,0.9767947909740772,1.0194809790383337,1755607.8920460464,1481969.9187311986,1687995.1543299942,1609635.1397976119,96667.54571440374,156580.8696581284,0.0,604517.8397796925,432787.58659372554,-537264.0503433556,13749204.0,17539802.65980514,982011.5484957998,4220986.057119103,11844668.0,17139350.817003645,4220986.057119103,17539802.65980514,17139350.817003645,3683722.0067757475,17636470.205519546,3.2983059247975404,0.275695862815414
Americas,PedidosYa,PY_PY,Paraguay,28.0,11.79,379981.0,1.1309056266534232,1.1907009818165408,19.0,6.0,9.0,27.0,61.0,0.3114754098360656,0.09836065573770492,0.14754098360655737,0.4426229508196721,-0.029701481147178275,-0.05550003494734949,0.04186043167750295,0.034108844040347856,0.5967205471228854,0.6541124605530486,0.3547557689951336,0.48366525053493453,0.9502254760785677,0.9151521515116461,1.1179978885081279,1.0705215931941015,0.8735564339802346,0.9128134635924132,0.8469882563258551,0.7882397755565379,0.01826130034138462,-0.009754503932174566,-0.008771149315596527,0.018621097291321418,1.0209045456378583,0.9893138036178988,0.9896443082296739,1.023623645835652,488158.2905667003,444324.7495954142,511071.952952985,452443.749771631,86223.74380020658,356255.2188968263,521737.11663742625,613243.190617081,429722.6509213944,202067.57338715036,4067663.0,5258430.040734409,2903124.37531321,5281768.595021548,3543447.0,4497897.145027073,5281768.595021548,5258430.040734409,4497897.145027073,5483836.168408698,5344653.784534616,0.8193394123707541,0.292739846131405
Americas,PedidosYa,PY_SV,El Salvador,26.5,12.45,477694.14285714284,1.9399423117522088,1.6111898195421903,19.0,5.0,9.0,16.0,49.0,0.3877551020408163,0.10204081632653061,0.1836734693877551,0.32653061224489793,-0.07935892427789347,-0.03513749183338135,0.04493660120774298,0.07416223985370582,1.1739173389676203,1.0358763217726166,0.9753912262965865,1.2267763830626786,0.9323982007560394,0.9660794526384644,1.046070335672754,1.0604529406317376,1.1080120571581453,0.9991724124521456,1.1852587641911911,1.2965101258472655,0.025927555883431496,-0.014232658038865798,-0.012379109142342292,0.020951916773240563,1.0234000665569751,0.9857555534345306,0.9895557750625116,1.0161602415249542,860580.5052370786,751397.5076593382,821485.8630661609,769655.9398263613,124496.056483494,660979.619380359,1027233.7736773925,1176438.095089341,926699.0798047755,84554.2487327659,6264393.0,8856896.222255507,6181264.579887759,11041270.527531438,3812730.0,5513242.156637372,11041270.527531438,8856896.222255507,5513242.156637372,11125824.776264204,8981392.278739002,0.786247843759493,0.41384747448883036
Americas,PedidosYa,PY_UY,Uruguay,36.0,9.17,570333.0,2.5610196025511534,1.3005488393451192,9.0,8.0,4.0,11.0,32.0,0.28125,0.25,0.125,0.34375,-0.16877530793415907,-0.11129160523594864,0.08379217169937786,0.09047114454008486,3.260688795646019,1.867299074136757,1.4527588659087098,1.332357834462316,0.948239369497781,0.9403996891674151,1.0576779627133546,1.0679030379076768,1.54922527214517,1.1062812977357879,0.9295209292309398,0.9427450195581971,0.04220437126604902,-0.047044356811340324,-0.019158472509922753,0.02655894074293238,1.0272422429616126,0.9574752308408129,0.979388874518647,1.0281719236823748,794987.3704117526,724248.3695866343,809633.823174788,741745.9211902199,103631.79960251518,1273536.6222874734,1557602.2011325615,1796714.4318042204,1460633.9929818069,245951.2762788348,7374936.0,8550353.878351292,16740538.098985415,17142830.34502768,5187180.0,6489903.641579749,17142830.34502768,8550353.878351292,6489903.641579749,17388781.621306516,8653985.677953808,0.024031022399850336,0.15938007846458485
Americas,PedidosYa,PY_VE,Venezuela,28.0,11.79,166211.7142857143,0.8232024127615322,0.6490711893670483,8.0,6.0,3.0,9.0,26.0,0.3076923076923077,0.23076923076923078,0.11538461538461539,0.34615384615384615,-0.06660977693335136,-0.026934633809619524,0.04188045160309719,0.013127910149979627,0.2512461999733454,0.38170810643027925,-0.3043315199531695,0.023945603866116404,0.7348824502005684,0.9294365685300444,1.1376145711411745,1.5482388426443459,0.6215752058526663,0.5747157927186263,0.34583194666054345,0.5191866401455286,0.027591039427911045,-0.013327672747718086,-0.020460602718804243,0.012301477809814288,1.0443888996345376,0.9768099764847715,0.9408365741905051,1.0236937487574145,126293.32296473492,99294.01574241952,118702.40136564453,107883.2350781646,20640.03483830519,44755.65130399079,163058.4083248826,814565.8145076121,136825.88422923043,611902.2214487942,1507376.0,1170059.014557082,262344.37214074703,877838.7104618588,2233618.0,1948054.8141606012,877838.7104618588,1170059.014557082,1948054.8141606012,1489740.9319106531,1190699.049395387,2.3461312827053926,-0.22377760123746035
Asia,Foodpanda,FP_BD,Bangladesh,49.0,6.73,1722232.7142857143,0.5220274278130442,0.828090916922563,4.0,4.0,2.0,22.0,32.0,0.125,0.125,0.0625,0.6875,-0.02269663074490849,-0.013668113582057738,0.003804833732384577,0.02326184440357609,0.6641461176605342,0.5881439303380893,0.4906231505286147,0.6026594651899454,0.9658258474432437,0.9767605974030867,1.0077551043571529,1.0385986543764718,1.1658611974770468,1.1770163238604148,0.7867131575368844,0.9940066414818731,0.015225218884418135,-0.030786300422535218,-0.008468655163656524,0.022537259528792635,1.013059203717703,0.9738437778657467,0.989235396557786,1.0226731478324873,1441817.0381518654,1419687.537241829,1582053.1026553747,1426165.2675268915,165061.8754683945,873134.7877746354,901978.8538732985,1071240.2087825118,899052.713934049,149195.7086282986,17150143.0,16769035.851399373,9724848.174435016,10910436.295630923,17009311.0,21164732.222508997,10910436.295630923,16769035.851399373,21164732.222508997,11059632.004259221,16934097.72686777,0.1219132782260414,-0.022221805882354843
Asia,Foodpanda,FP_HK,Hong Kong,24.0,13.75,1236001.0,1.1383603857507594,1.005698622409833,38.0,18.0,15.0,48.0,119.0,0.31932773109243695,0.15126050420168066,0.12605042016806722,0.40336134453781514,-0.050911952717769736,-0.050130270840960424,0.050102842875918534,0.08276105258907977,0.715623288979392,0.938350959615749,0.772255531498616,1.8649383252558003,0.928856489857423,0.9465762033626645,1.0648785807706556,1.0443773670519254,0.5675413208564156,0.7227192078559632,0.6399680179770514,1.1436727533990398,0.014977880436092115,-0.013874861654248505,-0.010975244840704472,0.02280364224090281,1.0263908192860576,0.9808018639833719,0.9828503229342657,1.0199389573399642,1393664.5210932936,1206329.2630135706,1386886.608435843,1243044.502997176,257746.88355117897,1017580.5488325958,1568971.05469746,1790136.4794441909,1407014.5751483242,155644.35752927396,21959686.0,15697521.889790263,33504501.138371464,15945346.940759707,13414182.0,15249891.798807504,15945346.940759707,15697521.889790263,15249891.798807504,16100991.29828898,15955268.773341442,-0.5240834395681214,-0.2851663776162253
Asia,Foodpanda,FP_KH,Cambodia,45.0,7.33,456515.14285714284,0.962944251660572,1.5928917056154213,5.0,1.0,10.0,9.0,25.0,0.2,0.04,0.4,0.36,-0.15500284803266218,-0.041144727693961824,0.2858621157494877,0.07524841434327614,1.5844676613680584,1.5734490518836797,0.8340361276386498,1.2927770145147524,0.9021735490020478,0.973850613310482,1.3427454834106884,1.0582068009396972,2.0850140836925015,2.011714936544094,2.5901450357439972,2.0177543136170004,0.22667406314343347,-0.05419246935588662,-0.25070422907199374,0.0737984284347746,1.1087158426968513,0.9730615564007377,0.9032084205277018,1.0365745363232477,845956.3020356909,539525.2687160799,799480.9749263428,727179.1845449819,3424.9920431678183,378017.2379093603,1043119.0142078741,510379.3516258803,439598.6326102905,612719.7059122432,8137690.0,8544329.280475099,5467898.560844429,5351789.725263352,3996773.0,5460766.838082245,5351789.725263352,8544329.280475099,5460766.838082245,5964509.431175595,8547754.272518266,-0.02123463599206678,0.04996986619975677
Asia,Foodpanda,FP_LA,Laos,43.0,7.67,134382.57142857142,0.874549866629543,1.7963875806336045,2.0,8.0,7.0,4.0,21.0,0.09523809523809523,0.38095238095238093,0.3333333333333333,0.19047619047619047,-0.07191695284615218,-0.06641813739523277,0.07302829590848085,0.042254696067501485,1.3152077196627254,0.9272783153655264,1.2329255472198994,0.8988210819324518,0.9453189395325365,0.9283730285776701,1.0592317160376399,1.0470112427455023,2.9806236612475345,2.316566276326043,2.2821650735556784,1.8628522034496533,0.10070337783261851,-0.18023092956906017,-0.07273782992497312,0.07964837219615228,1.0337860089960063,0.9221991050241406,0.9681277087412238,1.0427561413882747,247334.2370641726,222217.0954631231,256629.82758354032,241403.18236789395,1971.6130071541702,112794.54528822888,136151.0894126938,125682.69659810838,117524.25992019217,22055.551538454558,2781788.0,2808817.300385448,1531821.800893204,1344072.050553217,1374123.0,1671036.4514813274,1344072.050553217,2808817.300385448,1671036.4514813274,1366127.6020916717,2810788.9133926025,-0.12256631302055518,0.009716520592312624
Asia,Foodpanda,FP_MM,Myanmar,54.0,6.11,555409.1428571428,1.110455642418678,1.786699920636066,2.0,1.0,5.0,3.0,11.0,0.18181818181818182,0.09090909090909091,0.45454545454545453,0.2727272727272727,-0.06552250590335251,-0.03577990058320407,0.09134141542352961,0.04869705942044533,-0.11298995746423403,0.17013271225741605,0.9580382713030616,1.0372942837919792,0.4201032784343416,0.7896941739865525,1.0953421362794755,1.046946233273769,1.6170789605197402,1.1344712739383847,1.92934087757819,2.4608192099654755,0.07089777205616632,-0.015742176948418063,-0.08665258015686968,0.05511126053690085,1.043843110810977,0.9861237765027155,0.9550869516300092,1.022395493465639,1040798.5735726545,873450.6370365098,1029658.6495698761,992349.4714634026,-33140.554211167386,235340.71832863626,794245.5787115523,665756.6297906201,616757.2165366359,-154928.72277909901,11450392.0,11624994.593970679,4432415.939670664,7025228.186046411,5137304.0,6715140.91987868,7025228.186046411,11624994.593970679,6715140.91987868,6870299.463267312,11591854.039759511,0.5849659151276306,0.015248612796022944
Asia,Foodpanda,FP_MY,Malaysia,35.0,9.43,4505128.142857143,0.6871933355317272,1.4567917797957988,67.0,10.0,8.0,15.0,100.0,0.67,0.1,0.08,0.15,-0.15407511900534715,-0.048612021542836045,0.04434905330387393,0.03465954671460027,0.6355505133276134,0.6830104292237646,0.588672855772421,0.5975080880756056,0.7575721901338084,0.9288268239211469,1.07533735056576,1.0580068243531704,1.1644004465813649,1.1723220071457043,1.4306358372664347,1.1214589402816697,0.10266564282852134,-0.014305215182533415,-0.03435142546242534,0.030805966256151982,1.0881703911484608,0.9877975376258927,0.9759887005710259,1.0274695444921191,11193330.938318746,6443795.956998737,6819488.813882465,6563033.6454409985,4767514.772876952,535765.829693209,3270268.659747994,3352934.170772969,3095894.035487856,-2128713.4462493956,91930903.0,76399064.42900084,32096156.34305601,39244916.278363094,50293857.0,54980877.67001234,39244916.278363094,76399064.42900084,54980877.67001234,37116202.8321137,81166579.20187779,0.22272947137029125,-0.16895122384470823
Asia,Foodpanda,FP_PH,Philippines,53.0,6.23,6959502.285714285,0.8198081490115445,1.3595102501920684,73.0,20.0,43.0,59.0,195.0,0.37435897435897436,0.10256410256410256,0.2205128205128205,0.30256410256410254,-0.08447762921223705,-0.10041626394949732,0.18193821316555203,0.045405867757814425,0.9498029535115974,1.4018961893211812,0.6503533971006789,1.0314570469073876,0.9110577316064268,0.9283711128438688,1.2797528451095133,1.0440210941347046,1.8892399465829002,2.3582174334792847,1.7710056683798592,1.8802263709142921,0.06199039723909887,-0.050698169583690264,-0.13738017202291158,0.05717613817479544,1.0328123472887718,0.9785014863922489,0.9224281579241986,1.0304091778837208,10201457.341091618,8468084.587547772,10011142.738788294,9461514.6936637,296140.5864365846,4591357.123371025,8006813.351702747,6188094.163265533,5705456.686893041,1669894.5776601806,119339918.0,112873601.83451495,55072690.366241045,64452298.03277982,68383169.0,85399335.52339411,64452298.03277982,112873601.83451495,85399335.52339411,66122192.61044,113169742.42095153,0.17031322792046438,-0.054184017165866113
Asia,Foodpanda,FP_PK,Pakistan,22.5,14.67,4000323.285714286,0.6423811408658777,1.0410506252729506,2.0,6.0,0.0,8.0,16.0,0.125,0.375,0.0,0.5,-0.001760797799622571,-0.007109139563779732,0.0,0.015028392730454997,0.33690732234699083,0.3681743566495843,0.0,0.44261081677765257,0.9947736434240836,0.9806908345587306,0.0,1.0339539662402886,0.5635363500195307,0.5869752213969791,0.0,0.8293413794118059,0.007404535302874826,-0.0055361444775160655,0.0,0.02038090813022654,1.0131394102662912,0.9905683506292817,0.0,1.024574811574796,4265430.325034136,4164539.057886801,4976279.837827261,4164539.057886801,912632.0470877942,2545158.0289383167,2569732.2361094793,3282873.8933086754,2569732.2361094793,688567.4500280335,37637777.0,45603091.01500007,21510092.75816207,27853087.205558866,34398310.0,48391681.467038006,27853087.205558866,45603091.01500007,48391681.467038006,28541654.6555869,46515723.06208786,0.2948845697092556,0.21163083077409348
Asia,Foodpanda,FP_SG,Singapore,33.0,10.0,920516.5714285715,0.9538130674970908,2.0394067232805737,16.0,7.0,8.0,20.0,51.0,0.3137254901960784,0.13725490196078433,0.1568627450980392,0.39215686274509803,-0.12336389882835443,-0.05328583625359792,0.031145773570233667,0.027500533841552505,1.5844972321363335,1.3251815670349976,0.9624526862772388,1.5981221063582438,0.9221431907066027,0.9597897846007463,1.0323608360330994,1.017208030432806,1.2438427901622202,1.1490955254810766,1.4162711780525095,1.3651715978722376,0.02936384954800602,-0.012528749344024306,-0.013195811585443556,0.02252491128381018,1.0236073640336625,0.9890968600380033,0.9906827083753912,1.0164996922869751,2019884.431593113,1849942.9387661703,2001737.0724723027,1877307.6846626112,239641.38884375244,680860.8665766536,922978.0699942913,938756.2478457589,878000.7346761907,-91407.01961186819,20166676.0,21812378.486129276,27505687.65247102,14378432.028841423,9945896.0,11257882.011650806,14378432.028841423,21812378.486129276,11257882.011650806,14287025.009229554,22052019.87497303,-0.4772560420771843,0.08160504418919987
Asia,Foodpanda,FP_TH,Thailand,83.0,3.98,1606271.142857143,0.6953123594380652,1.3253610372447788,86.0,21.0,26.0,83.0,216.0,0.39814814814814814,0.09722222222222222,0.12037037037037036,0.38425925925925924,-0.12306741328946948,-0.14204840880822847,0.1286511359881234,0.12006244793014129,1.1041253001456097,1.114659443240288,1.038613114000803,1.4413108294298813,0.8885385442456217,0.872563400714305,1.1238681990953794,1.083300871317003,2.7183512480342418,2.7273700072172926,2.571472082242452,3.3508746306229544,0.1759161767151311,-0.1363177561322282,-0.12729138029009446,0.23993192159512935,1.0647142921071526,0.9500186055535194,0.9504986341601306,1.0716027748106243,2351296.5566436276,2077735.165420938,2366384.7020736225,2128889.1879934995,408748.8601576898,926125.209995438,1181123.2849209686,1262241.3270212347,1116860.1782372775,18909.2872258086,47573214.0,27814200.68908249,18320917.284816146,14692371.634933278,21593705.0,20307052.195114903,14692371.634933278,27814200.68908249,20307052.195114903,14711280.922159087,28222949.54924018,-0.19805480224999997,-0.41533904585293546
Asia,Foodpanda,FP_TW,Taiwan,37.0,8.92,4767056.571428572,1.4046634547321841,2.7717603733830503,50.0,47.0,20.0,80.0,197.0,0.25380710659898476,0.23857868020304568,0.10152284263959391,0.40609137055837563,-0.10146743685290413,-0.11041246285278368,0.042854517657961375,0.07270616428125307,1.6592009430655346,1.8743287838159872,1.479171157583954,1.4081155404249857,0.9388456007833306,0.9410922652385498,1.028971980313596,1.0516336637115087,2.253399724086272,2.2900395704342484,1.911485236815541,1.957118072723922,0.048397500693947,-0.04836703134288057,-0.025999710543567117,0.06855161529926204,1.0214775479807834,0.9788793905715311,0.9863981630395003,1.0350268163452456,13864355.0963955,13050279.283533402,14968066.328210399,13213138.502360981,2243285.2010563575,5804661.726525913,6871555.231279941,8035687.891659518,6696110.152526619,623574.3918855153,170200210.0,157943579.95509356,122444091.42547229,93640898.9623746,51862891.0,58179499.709952675,93640898.9623746,157943579.95509356,58179499.709952675,94264473.35426012,160186865.15614992,-0.23523546238757673,-0.07201301364379302
Europe,Foodora,DJ_CZ,Czech Republic,28.0,11.79,855461.2857142857,0.9270820372224576,1.0809402872828386,17.0,15.0,14.0,22.0,68.0,0.25,0.22058823529411764,0.20588235294117646,0.3235294117647059,-0.05342934268101712,-0.08001041997425909,0.061382060202881214,0.05243686490811971,1.1859258163210202,1.700710611907988,1.0465250962403438,0.7038090425003071,0.954947145980205,0.9529547123337478,1.0586532137866518,1.0745043921598902,0.9336122677682122,1.055818156603566,0.9631199050182524,0.9560866763712069,0.020072547527995505,-0.02208924348452362,-0.017642758640697937,0.02799021188088273,1.021499875506112,0.9790785531141253,0.9816816592110994,1.0292758099999035,984536.9185109087,884121.7267232946,1032293.9446669917,924702.5679393464,126844.88608315575,692321.1779216956,910761.2452811897,1043180.4343998794,793082.7915249428,267014.4830279362,8139477.0,11022491.268695643,6430621.947529005,8912161.739462767,8058603.0,10736211.237068895,8912161.739462767,11022491.268695643,10736211.237068895,9179176.222490704,11149336.154778799,0.3858942124388613,0.3542014147463827
Europe,Foodora,FO_NO,Norway,32.0,10.31,619245.8571428572,2.369466881665779,0.7026471551164154,16.0,14.0,15.0,10.0,55.0,0.2909090909090909,0.2545454545454545,0.2727272727272727,0.18181818181818182,-0.17011337568005164,-0.07560581777055889,0.12571487540687068,0.09188344774180986,3.1509795367134292,2.4805273956094926,2.700813454107798,2.746445448687771,0.946012541910226,0.9695202649628542,1.046547041305524,1.0334554060724968,0.712366597735685,0.6484553784714785,0.7427954558697304,0.7055619116836099,0.015858345652299696,-0.010798500053220136,-0.012151407523508325,0.015096974570401961,1.022261495278845,0.983347350624689,0.9836409775699552,1.0213970940330064,464814.27407802985,415392.12552293227,452726.7239921625,435111.33983905474,27599.104075960407,1242287.0690765777,1667522.786008231,1560645.5256250396,1467282.5501087382,68607.73038363364,4071720.0,4934107.230257491,16117014.473567799,15804803.809523566,4886127.0,7495973.179411293,15804803.809523566,4934107.230257491,7495973.179411293,15873411.539907198,4961706.334333451,-0.019371494922726804,0.21179924706450606
Europe,Foodora,FP_SK,Slovakia,48.0,6.88,89585.25,-0.37260180849396685,0.44733244955329204,3.0,2.0,5.0,3.0,13.0,0.23076923076923078,0.15384615384615385,0.38461538461538464,0.23076923076923078,-0.03854810644074765,-0.20656290993972393,0.06928007791246572,0.25204181564408495,-0.12672971901633334,10.042054683273786,1.7125649929967,7.439370728374086,0.6958242570096802,0.9794302145870826,1.0404539846346137,1.0338794536321179,0.5374125348102408,0.8811923393284243,0.48055523083600715,0.6227000149705398,0.01190844947851429,-0.022806508812683535,-0.019954145776030868,0.040401589861621734,1.0221588606650553,0.9741185802522241,0.9584768940266923,1.0648813054284785,41493.41692991516,35820.29181838043,44280.531267019454,40074.389326344055,1371.0720362828797,-18768.05375401369,-37072.839647374334,-35192.91371975308,-33379.62616438414,9105.071372011324,680879.0,526772.5487575163,4053626.487041361,-145544.4996968378,1097542.0,1440258.537033786,-145544.4996968378,526772.5487575163,1440258.537033786,-136439.42832482647,528143.6207937992,-1.0359047633426797,-0.22633456347234043
Europe,Foodora,MJM_AT,Austria,28.5,11.58,674599.7142857143,3.7225552476778208,1.1308663964444203,8.0,12.0,10.0,7.0,37.0,0.21621621621621623,0.32432432432432434,0.2702702702702703,0.1891891891891892,-0.5109366485853793,-0.05706745984011961,0.1106139987157801,0.0763301145003666,4.9446042243910115,2.2562195216487555,2.8037400111819824,15.65973580658141,0.8966678372224407,0.9747066013335365,1.0394523023799016,1.0048742913318043,2.036659553065362,0.8520878032171355,1.0097444430251308,5.4297285844634064,0.05557767094907448,-0.019557431745565762,-0.014781514846326282,0.19930624360761798,1.0272886407870303,0.97704763327004,0.9853611327614324,1.0367064836680624,816080.327541005,728472.0136679261,825574.7091206,762882.1479367213,81480.60651936708,1911116.0229421835,2834529.9702387303,2538129.1540376963,2511234.7064962443,-249928.97227012273,7124090.0,8989974.600602398,24114663.023851622,28906743.903774206,6129233.0,8289950.877826936,28906743.903774206,8989974.600602398,8289950.877826936,28656814.931504082,9071455.207121765,0.19872062384544933,0.26191199165120005
Europe,Foodora,NP_HU,Hungary,26.0,12.69,884308.8571428572,0.22206151937154717,0.9427371794652198,19.0,5.0,6.0,9.0,39.0,0.48717948717948717,0.1282051282051282,0.15384615384615385,0.23076923076923078,-0.10697967484070121,-0.030670040339470496,0.061807582493953316,0.014749997708362186,0.7794371626715918,1.3262485162624003,0.17101995813878024,0.5387440213493158,0.8627475312133968,0.9768745902721881,1.361405669645863,1.0273784898279148,0.8381491947192555,0.8961389025741289,0.7224472442219355,0.7854503303031686,0.024177825659173483,-0.00867801613023016,-0.008383943648792117,0.00973222386323406,1.0288466848283162,0.9903162153709621,0.9883950783730631,1.0123906292833025,993917.1990655763,814887.2653828757,864283.7823601239,833670.8377589692,172075.73353166843,78829.85778393684,358642.8821689899,212534.53454054662,196370.96841085932,60894.369260895415,7864055.0,10047442.904021585,9163089.681981819,3485340.885228863,8603922.0,11217253.66336305,3485340.885228863,10047442.904021585,11217253.66336305,3546235.2544897585,10219518.637553254,-0.6196325686866961,0.2776414844531969
Europe,Foodora,OP_SE,Sweden,26.0,12.69,1362164.4285714286,2.696508390366008,0.6978846516478285,45.0,15.0,18.0,23.0,101.0,0.44554455445544555,0.1485148514851485,0.1782178217821782,0.22772277227722773,-0.16546610385385002,-0.12600458980950052,0.06254249335402147,0.11576736466356537,2.4688196356760335,4.079787218574744,3.005231546818009,3.276947463939184,0.932977645890871,0.9691149113767948,1.020811206184842,1.0353278061175881,0.5245994751746029,0.7582412899608,0.6830260848330835,0.6927524597889133,0.031043225932788278,-0.01211489659219495,-0.010104013709221584,0.03364911213885461,1.0591750991029034,0.9840223728876315,0.9852069870630332,1.048573067714704,1315769.8181108756,919125.9769696404,1090283.256521271,950633.6477206349,473278.10843988217,2481329.763262874,3848240.01669828,4060723.259226536,3673087.8107009763,-628970.3929152391,10564873.0,11361162.085628781,50923962.0069534,46590897.24070892,12745979.0,17230452.38385137,46590897.24070892,11361162.085628781,17230452.38385137,45961926.847793676,11834440.194068663,-0.08508891679820255,0.07537138265919349
Europe,Foodora,PO_FI,Finland,30.0,11.0,499069.85714285716,-0.07450348123754434,0.5857984133011701,7.0,7.0,10.0,15.0,39.0,0.1794871794871795,0.1794871794871795,0.2564102564102564,0.38461538461538464,-0.039364974556539936,-0.03880238775294672,0.09834594347118393,0.05312682720151575,0.7819723924259472,0.08730570031722538,0.30702387871929,1.2424551993526725,0.9496593806407714,0.5555572246490414,1.3203201779660305,1.0427595515952568,0.5667801226251367,0.5683523075825382,0.5485279359086574,0.7184392447299046,0.01766727041846641,-0.012353092710587685,-0.022564807283255984,0.009834463794019246,1.0311712950281982,0.9782650786391085,0.9588629752359349,1.013688650593853,310619.9498544939,259689.0543830445,309663.8178012706,292354.33044072735,2909.8307166269224,-33577.53528458157,-81417.03969881925,-44388.550261542776,-37182.44173786679,-47835.80003134322,3504613.0,3666916.298719424,5863507.112104258,-1042536.3991732185,5019955.0,6383210.930158823,-1042536.3991732185,3666916.298719424,6383210.930158823,-1090372.1992045618,3669826.1294360505,-1.1778008245306075,0.04631133272615944
Europe,Foody,FY_CY,Cyprus,73.0,4.52,290836.85714285716,1.7731735440040464,1.3015301980386804,1.0,1.0,0.0,1.0,3.0,0.3333333333333333,0.3333333333333333,0.0,0.3333333333333333,-0.3338556165618125,-0.0211604627808617,0.0,0.01945107417291503,0.7288840763855053,1.7016542161601713,0.0,2.9863468955964865,0.5419633555209719,0.9875647692816165,0.0,1.006513333799766,0.5270167104928323,1.1510906819197835,0.0,2.119956350473757,0.0017870848307868226,-0.00425471808019684,0.0,0.008798938820974378,1.0033909452873242,0.9963037507409053,0.0,1.004150528296966,380468.5467006555,378532.95227409026,380902.58122248825,378532.95227409026,4305.223374963214,204918.90971094935,515704.2207069986,520773.38599101536,515704.2207069986,-305716.1457120325,2641885.0,4770919.2017870145,2529987.3673945875,6282129.716967802,2451609.0,3466273.3715839544,6282129.716967802,4770919.2017870145,3466273.3715839544,5976413.571255769,4775224.425161977,1.4830676223641452,0.8058769408157488
Europe,eFood,EF_GR,Greece,22.0,15.0,2483755.285714286,0.8953973422955295,0.6626535287740639,1.0,2.0,5.0,4.0,12.0,0.08333333333333333,0.16666666666666666,0.4166666666666667,0.3333333333333333,-0.0028873534899454545,-0.014165420363721676,0.036093854543994365,0.012580684230794476,0.1443006049810281,0.4140003264946778,0.34576668526918997,0.23300302321818595,0.9799907041947256,0.9657840357671704,1.1043878895269919,1.053993652344218,0.5411771548214493,0.4209345078976423,0.5171324150459397,0.38594600005442975,0.03166277436591858,-0.005435739900614772,-0.01658489678187288,0.0077215745811509,1.0585072264855029,0.9870864949329918,0.9679291100319063,1.0200068781126426,1767106.0082939467,1342509.9550324832,1817233.8625268196,1645869.204689805,-10757.788216165267,2168463.1710593067,4136517.1374238203,2892774.510827533,2223947.881741045,2525911.174087525,8404450.0,19717403.585410636,3586599.117297705,22003273.715910353,19771891.0,28512263.91312177,22003273.715910353,19717403.585410636,28512263.91312177,24529184.889997877,19706645.79719447,5.134857282987497,1.3460670936718804
MENA,HungerStation,HS_SA,Saudi Arabia,44.0,7.5,7345899.285714285,5.025461143196523,1.81406197213469,17.0,5.0,8.0,14.0,44.0,0.38636363636363635,0.11363636363636363,0.18181818181818182,0.3181818181818182,-0.051405027934343844,-0.020144619851493815,0.010664041020037714,0.025582658393194957,1.556742227974468,1.087852640090637,1.1803157450853348,1.4707123682473202,0.966979100964436,0.9814822163323376,1.0090349053331207,1.0173947394103189,0.753799649641098,0.7059969048014183,0.8015985646500773,1.1328928715342987,0.009873020749655279,-0.004236062229859505,-0.00226622673817415,0.0240828486091249,1.0130976722453453,0.9939998855504175,0.9971728657733271,1.0212578340055305,13837991.706012476,13274569.121202018,14011914.476553014,13325916.545345668,1146725.6677305046,33493735.55124068,37372100.82076435,38467461.719626464,36916531.42219224,-1416296.174945224,128872746.0,151621415.18016854,412050916.0388267,500559822.69934344,63893059.0,84071661.24752669,500559822.69934344,151621415.18016854,84071661.24752669,499143526.5243982,152768140.84789905,0.21480089769337324,0.17652040393527843
MENA,Talabat,HF_EG,Egypt,35.0,9.43,2938958.714285714,1.0107620566463962,1.4861014758937827,1.0,2.0,24.0,17.0,44.0,0.022727272727272728,0.045454545454545456,0.5454545454545454,0.38636363636363635,-0.00012074953980628633,-0.004319310052916872,0.03607800678549511,0.05790669723289629,0.26103167708658964,0.8462526775704895,0.698596306088425,0.9100873974886419,0.9995374142282117,0.9948959570026801,1.0516435693562465,1.063627622349994,0.6862626049311018,1.069853582809621,0.9464996264225868,1.1552963746817475,0.0058179602908743355,-0.0021601387978746334,-0.014371693649993057,0.04274630234124381,1.0084777463453052,0.9979809024032973,0.984815954228833,1.0370002912482257,4375500.216147084,4037038.360907712,4985754.152375158,4367590.882890894,295520.0807572715,2970293.39521868,3848809.273264493,3719186.1411321796,2970587.9544502767,1626524.9462645226,26841300.0,46900631.82633189,24129232.490123242,35036029.553710245,20568053.0,34694967.655802265,35036029.553710245,46900631.82633189,34694967.655802265,36662554.499974765,47196151.90708916,0.45201591339680836,0.7473308605146506
MENA,Talabat,TB_AE,United Arab Emirates,37.5,8.8,2860265.285714286,8.025523092622812,2.8861533611987795,5.0,12.0,9.0,24.0,50.0,0.1,0.24,0.18,0.48,-0.06688199786409248,-0.08594759822210112,0.14511572360075162,0.12970633669551593,5.225857068333401,5.309141949611607,7.8551989828592115,6.169470161671048,0.9872017169644056,0.9838113956948563,1.0184738443822248,1.0210239021012437,1.9561101546777935,2.064564248155296,3.0617201616614147,2.6401169804683673,0.015522867148788366,-0.024667897503208563,-0.03102115770461047,0.0492672528329951,1.007935579247246,0.9880517656327482,0.9898680623745257,1.0186610113102847,8312785.269891148,8123069.745122256,8925716.842504261,8255164.268284474,596079.0526642445,22696393.77506907,23630465.356246132,25063824.655825045,22955125.10152739,2525308.482558079,72284344.0,93207673.0388868,172808259.99914938,261212714.49886504,23346201.0,35742053.749268286,261212714.49886504,93207673.0388868,35742053.749268286,263738022.9814231,93803752.09155105,0.5115753986536917,0.28945865565144785
MENA,Talabat,TB_BH,Bahrain,34.0,9.71,499787.4285714286,5.812594329971121,3.246038803327159,3.0,3.0,4.0,4.0,14.0,0.21428571428571427,0.21428571428571427,0.2857142857142857,0.2857142857142857,-0.16696676436969415,-0.104451653356694,0.17531901898206043,0.16372070137291916,7.445535006461931,7.179099164996518,5.34237666935454,5.164970116915884,0.9775749137940007,0.985450590532866,1.0328166712743678,1.0316982862759874,4.097974718175606,4.0448424857731045,3.209392592860133,2.9244560231531995,0.0492029955722623,-0.013410581059646395,-0.036363937127510126,0.049876208839293,1.012006661572126,0.9966845232893949,0.9886695266860127,1.017054867108419,1663122.1575329185,1571844.2344153759,1700256.52549474,1622329.386557958,68234.7577691602,2771152.375050255,3177311.647662198,3167775.7450197856,2905061.5735051325,401055.0472168415,16449941.0,18817796.198179875,28141770.839466766,34541782.22286674,4482180.0,6220490.951016002,34541782.22286674,18817796.198179875,6220490.951016002,34942837.27008358,18886030.955949035,0.2274203503364623,0.14394308150891694
MENA,Talabat,TB_IQ,Iraq,48.0,6.88,961365.5714285715,1.0973777819689945,1.6540239883771366,1.0,4.0,9.0,2.0,16.0,0.0625,0.25,0.5625,0.125,-0.015082785809160892,-0.0047337981251600325,0.09154263381429809,0.008838398071740083,1.7912128982178257,0.7465836436348975,0.57284456586034,1.2632824295804808,0.9915795683337433,0.9936593867739821,1.159803617368374,1.0069963753668887,1.9097244432474287,1.6687887861324495,1.495960537390794,1.4357209132371307,0.033621209867478186,-0.010760508516735184,-0.033196483615935767,0.02145391599373553,1.0176052676009668,0.993551905066624,0.9778092517909356,1.014942957085833,1602099.511005153,1457853.5507997293,1610535.026151418,1590121.7167427507,-99877.06227195193,1051152.1500083334,1872460.1520927297,1061325.816272137,1054981.2184356407,819994.463066278,9639976.0,17660169.236274064,5909018.588659728,12369536.539828403,5273661.0,11484820.568836657,12369536.539828403,17660169.236274064,11484820.568836657,13189531.002894681,17560292.17400211,1.0933318036208848,0.831972324025917
MENA,Talabat,TB_JO,Jordan,47.0,7.02,1211259.857142857,1.0240531014639438,1.4802745035018248,6.0,7.0,9.0,21.0,43.0,0.13953488372093023,0.16279069767441862,0.20930232558139536,0.4883720930232558,-0.027232276529668243,-0.033340835470617,0.05832869859713498,0.013763099776186104,-0.004656449559595969,0.34433921240126314,0.63473016950715,0.5890253021609875,-4.848291961747597,0.9031744446468546,1.0918952673108726,1.023365888911211,0.8693989705633537,1.0673768741047083,1.3801517685311233,30.179863332493362,0.006609238177004928,-0.012634040202355748,-0.0352616471712191,2.1776529846869557,1.0076020772979777,0.9881634683035897,0.9744508915793024,1.0721558265753435,1806347.600327216,1726094.474440214,2276747.9682325926,1792997.0836438339,430198.792068521,5822612.825954988,1411429.5625595408,1342609.0972888148,1240394.4133859163,4855468.245645595,17933290.0,19836804.727667194,11214385.987465309,14492579.862419324,11627827.0,14479881.162591126,14492579.862419324,19836804.727667194,14479881.162591126,19348048.10806492,20267003.519735716,0.2923204068968342,0.10614420040423111
MENA,Talabat,TB_KW,Kuwait,75.0,4.4,1401907.0,7.1573037472534,3.7787158102008407,3.0,0.0,1.0,2.0,6.0,0.5,0.0,0.16666666666666666,0.3333333333333333,-0.1018691146464293,0.0,0.4017749057622062,0.3727144202897561,7.376790255471794,0.0,16.430343607291753,18.8868653446597,0.9861905908778053,0.0,1.0244532260167645,1.0197340539834547,3.423606890219277,0.0,7.711906000931227,9.236078854730813,0.024837984706925702,0.0,-0.081722515698881,0.03588489469324241,1.0072549172563836,0.0,0.9894030716026605,1.0038852954005326,5382327.336334226,5256183.131402546,5327622.419722487,5297408.14533123,73908.4514655685,9731561.533364786,10213224.648448031,10325620.03140574,10033874.224400772,168783.54001624137,43754013.0,60002286.818661444,91156180.75423372,118361325.35198198,11841129.0,17557190.9805529,118361325.35198198,60002286.818661444,17557190.9805529,118530108.89199823,60076195.27012701,0.29844541941808733,0.37135505304762434
MENA,Talabat,TB_OM,Oman,40.0,8.25,742882.0,2.731063844133492,2.721548168769549,8.0,0.0,11.0,17.0,36.0,0.2222222222222222,0.0,0.3055555555555556,0.4722222222222222,-0.14541355797055508,0.0,0.15350887336746546,0.07475332081483214,2.1686458002799722,0.0,1.3786788025698429,1.9655802223165106,0.9329472992077442,0.0,1.1113449144799548,1.0380311726614406,2.2071536069834363,0.0,2.480152319558269,2.408146049439197,0.054705116170804605,0.0,-0.036158170773536474,0.05539455380090658,1.0247853688106336,0.0,0.9854209878609486,1.0230029876359894,2114606.3916883334,1948307.4955529736,2209096.182179267,2021789.14671186,206642.62928499375,1786445.3153173027,2647457.7575726905,2346414.2563943537,2028858.1706575768,693742.8173116166,18345797.0,22543232.27759128,19573145.75514645,24109478.30384226,6317759.0,8995709.851294333,24109478.30384226,22543232.27759128,8995709.851294333,24803221.121153876,22749874.906876273,0.23176308016319006,0.22879547165987288
MENA,Talabat,TB_QA,Qatar,25.0,13.2,844013.7142857143,6.2444663578331845,3.1158382088143024,2.0,3.0,2.0,3.0,10.0,0.2,0.3,0.2,0.3,-0.1722904455155172,-0.05955801977706828,0.17587348610193154,0.008805762542713,5.783270194327963,5.965248126156276,12.116701658656547,4.875409383754956,0.9702088196251848,0.9900158352984648,1.014514963812473,1.0018061585909184,2.203615776910627,2.7150102863460304,5.922826943330675,2.026730132973134,0.06651564128237097,-0.0079924337934143,-0.1858045013747297,0.003657166894998435,1.0301847726719506,0.9970562049677643,0.9686290848690163,1.001804466631003,2844594.299313615,2417576.449528499,2648652.227184908,2629810.1797347064,21392.436822902877,4865965.324971015,5474786.157524939,5308212.184098259,5270415.244406972,-162282.0666267043,27085781.0,30742283.48178343,62676761.80707135,67667035.9762855,7184446.0,10576298.865931321,67667035.9762855,30742283.48178343,10576298.865931321,67504753.9096588,30763675.918606333,0.07961920854454763,0.1349971219874897
MENA,Yemeksepeti,YS_TR,Turkey,31.0,10.65,9766487.285714285,0.5706842484481968,0.8984443581989471,14.0,12.0,20.0,17.0,63.0,0.2222222222222222,0.19047619047619047,0.31746031746031744,0.2698412698412698,-0.11126505187736728,-0.00840233790811357,0.04747357384207344,0.00829751825963663,0.4570339777064664,0.37240553742544596,0.308341161316418,0.3799424894475094,0.7565497155469082,0.9774376665658585,1.1539644387385448,1.0218388795412232,0.7110320152157877,0.6701637355078344,0.6331765556908757,0.5866972863103453,0.05637817979097382,-0.00891215681556599,-0.02242598924812141,0.0037889713613647328,1.0792906347175717,0.9867015233093558,0.9645817757360713,1.006458136844629,10511317.197750134,7767489.174326327,8938485.25819235,8774645.401271747,893355.426453568,2879936.8125087316,9044902.795999262,5930585.496468314,5573580.456626726,1134683.7350961291,33035636.0,105759323.10285269,1996775.7888999379,47420702.75076239,63712158.0,128784254.73219898,47420702.75076239,105759323.10285269,128784254.73219898,48555386.485858515,106652678.52930626,22.748636684385765,2.2013708803079406
